"NA06985","01","15:01, 15:01","01, 01",,,"01:02, 01:02","06:02, 06:02"
"NA06993","01","04:04, 07:01",," 01",,"02:01, 03:01","02:01, 03:02:01"
"NA07055","01","14:01, 15:01","01",,"02","01:01, 01:02","05:03, 06:02"
"NA11839","01","04:01, 15:01","01:01","01",,"01:02, 03:01","03:01, 06:02"
"NA11840","01","04:04, 07:01",,"01",,"02:01, 03:01","03:02, 03:03"
"NA11881","01","15:01, 15:01","01",,,"01:02, 01:02","06:02, 06:02"
"NA11882","01","04:01, 15:01","01","01",,"01:02, 03:01","03:02, 06:02"
"NA11992","01","01:01, 03:01",,,,"01:01, 05:01","02:01, 05:01:01"
"NA11993","01","01:01, 15:01",,,,"01:01, 01:02","05:01, 06:02"
"NA11994","01","04:02, 04:04",,,,"03:01, 03:01","03:02, 03:02:01"
"NA11995","01","13:01, 15:01",,,,"01:02, 01:03","06:02, 06:03"
"NA12044","01","13:01, 15:01",,"01","01","01:02, 01:03","06:02, 06:03"
"NA12056","01","04:04, 15:01","01","01",,"01:02, 03:01","03:02:01, 06:02"
"NA12057","01","07:01, 13:01",,"01","01","01:03, 02:01","03:03:02, 06:03"
"NA12154","01","03:01, 04:04",,,,"03:01, 05:01","02:01, 03:02"
"NA12155","01","03:01, 04:01",,,,"03:01, 05:01","02:01, 03:01"
"NA12156","01","04:07, 07:01",,,,"02:01, 03:01","02:01, 03:01"
"NA12248","01","07:01, 15:01",,,,"01:02, 02:01","02:01, 06:02"
"NA12249","01","04:01, 13:02",,,,"01:02, 03:01","03:02, 06:04"
"NA07034","01","04:01, 07:01",,"01",,"02:01, 03:01","02:01, 03:01:01"
"NA11843","01","04:01, 04:04",,"01",,"03:01, 03:01","03:01, 03:02"
"NA12043","01","01:01, 04:04",,"01",,"01:01, 03:01","03:02, 05:01"
"TESTSBJ",,"04:01, 15:01","01, 01:13",,,,"02:01, 03:01"
